Date,Time [EET/EEST],Forecast [KWh/h],Perc10 [KWh/h],Perc20 [KWh/h],Perc30 [KWh/h],Perc40 [KWh/h],Perc60 [KWh/h],Perc70 [KWh/h],Perc80 [KWh/h],Perc90 [KWh/h]
09-04-2025,0:00,0,0,0,0,0,0,0,0,0
09-04-2025,0:15,0,0,0,0,0,0,0,0,0
09-04-2025,0:30,0,0,0,0,0,0,0,0,0
09-04-2025,0:45,0,0,0,0,0,0,0,0,0
09-04-2025,1:00,0,0,0,0,0,0,0,0,0
09-04-2025,1:15,0,0,0,0,0,0,0,0,0
09-04-2025,1:30,0,0,0,0,0,0,0,0,0
09-04-2025,1:45,0,0,0,0,0,0,0,0,0
09-04-2025,2:00,0,0,0,0,0,0,0,0,0
09-04-2025,2:15,0,0,0,0,0,0,0,0,0
09-04-2025,2:30,0,0,0,0,0,0,0,0,0
09-04-2025,2:45,0,0,0,0,0,0,0,0,0
09-04-2025,3:00,0,0,0,0,0,0,0,0,0
09-04-2025,3:15,0,0,0,0,0,0,0,0,0
09-04-2025,3:30,0,0,0,0,0,0,0,0,0
09-04-2025,3:45,0,0,0,0,0,0,0,0,0
09-04-2025,4:00,0,0,0,0,0,0,0,0,0
09-04-2025,4:15,0,0,0,0,0,0,0,0,0
09-04-2025,4:30,0,0,0,0,0,0,0,0,0
09-04-2025,4:45,0,0,0,0,0,0,0,0,0
09-04-2025,5:00,0,0,0,0,0,0,0,0,0
09-04-2025,5:15,0,0,0,0,0,0,0,0,0
09-04-2025,5:30,0,0,0,0,0,0,0,0,0
09-04-2025,5:45,0,0,0,0,0,0,0,0,0
09-04-2025,6:00,0,0,0,0,0,0,0,0,0
09-04-2025,6:15,0,0,0,0,0,0,0,0,0
09-04-2025,6:30,0,0,0,0,0,0,0,0,0
09-04-2025,6:45,9,6,7,8,8,10,12,13,15
09-04-2025,7:00,137,99,109,118,128,148,160,171,182
09-04-2025,7:15,353,253,278,303,328,379,405,431,458
09-04-2025,7:30,643,464,509,554,598,688,734,779,825
09-04-2025,7:45,1024,754,822,889,956,1092,1160,1228,1296
09-04-2025,8:00,1522,1151,1244,1337,1429,1615,1708,1801,1894
09-04-2025,8:15,2161,1678,1799,1920,2040,2282,2403,2523,2644
09-04-2025,8:30,2881,2275,2426,2578,2730,3033,3184,3336,3487
09-04-2025,8:45,3606,2864,3049,3235,3420,3791,3976,4161,4346
09-04-2025,9:00,4284,3393,3616,3839,4061,4506,4729,4951,5173
09-04-2025,9:15,4959,3901,4165,4430,4694,5223,5488,5752,6016
09-04-2025,9:30,5620,4385,4694,5003,5311,5929,6237,6545,6854
09-04-2025,9:45,6233,4826,5178,5530,5881,6585,6937,7287,7639
09-04-2025,10:00,6776,5213,5604,5995,6385,7167,7558,7949,8340
09-04-2025,10:15,7269,5555,5984,6413,6841,7698,8127,8555,8983
09-04-2025,10:30,7706,5850,6314,6779,7242,8170,8634,9098,9562
09-04-2025,10:45,8070,6086,6582,7078,7574,8566,9062,9558,10054
09-04-2025,11:00,8347,6258,6780,7303,7825,8870,9392,9915,10437
09-04-2025,11:15,8541,6366,6915,7458,7999,9083,9624,10167,10708
09-04-2025,11:30,8660,6366,6954,7543,8102,9218,9777,10335,10893
09-04-2025,11:45,8713,6366,6954,7543,8131,9290,9867,10444,11020
09-04-2025,12:00,8698,6283,6886,7491,8094,9301,9896,10484,11072
09-04-2025,12:15,8597,6031,6672,7314,7956,9239,9881,10484,11072
09-04-2025,12:30,8438,5716,6397,7077,7758,9118,9799,10479,11072
09-04-2025,12:45,8258,5426,6134,6842,7550,8966,9674,10382,11072
09-04-2025,13:00,8086,5232,5946,6659,7373,8800,9514,10227,10941
09-04-2025,13:15,7909,5116,5814,6512,7210,8607,9305,10003,10701
09-04-2025,13:30,7717,5032,5704,6375,7045,8388,9059,9730,10401
09-04-2025,13:45,7508,4941,5583,6225,6866,8150,8791,9433,10074
09-04-2025,14:00,7282,4815,5432,6049,6665,7900,8516,9133,9749
09-04-2025,14:15,7042,4674,5266,5858,6449,7634,8226,8818,9410
09-04-2025,14:30,6784,4517,5084,5651,6217,7351,7917,8484,9051
09-04-2025,14:45,6504,4333,4876,5419,5961,7047,7590,8133,8676
09-04-2025,15:00,6198,4110,4632,5154,5676,6721,7243,7766,8288
09-04-2025,15:15,5865,3842,4348,4854,5359,6371,6877,7383,7889
09-04-2025,15:30,5511,3550,4041,4531,5021,6002,6492,6982,7472
09-04-2025,15:45,5145,3258,3730,4202,4674,5617,6088,6561,7032
09-04-2025,16:00,4772,2984,3431,3878,4326,5220,5667,6114,6561
09-04-2025,16:15,4388,2719,3137,3553,3971,4806,5223,5641,6058
09-04-2025,16:30,3994,2457,2842,3226,3610,4379,4763,5147,5532
09-04-2025,16:45,3595,2198,2547,2896,3246,3944,4294,4643,4993
09-04-2025,17:00,3190,1938,2251,2564,2877,3503,3817,4130,4443
09-04-2025,17:15,2773,1675,1950,2224,2499,3048,3323,3597,3871
09-04-2025,17:30,2354,1416,1650,1885,2119,2588,2823,3057,3292
09-04-2025,17:45,1947,1166,1361,1557,1752,2142,2338,2532,2727
09-04-2025,18:00,1556,927,1084,1242,1399,1713,1871,2028,2185
09-04-2025,18:15,1161,687,806,925,1043,1280,1399,1517,1635
09-04-2025,18:30,788,462,543,626,707,869,951,1032,1113
09-04-2025,18:45,474,274,324,375,425,524,574,624,674
09-04-2025,19:00,255,143,171,199,227,282,310,337,365
09-04-2025,19:15,127,69,83,98,112,141,155,169,184
09-04-2025,19:30,59,32,39,46,53,66,73,80,87
09-04-2025,19:45,19,11,13,15,17,21,24,26,28
09-04-2025,20:00,0,0,0,0,0,0,0,0,0
09-04-2025,20:15,0,0,0,0,0,0,0,0,0
09-04-2025,20:30,0,0,0,0,0,0,0,0,0
09-04-2025,20:45,0,0,0,0,0,0,0,0,0
09-04-2025,21:00,0,0,0,0,0,0,0,0,0
09-04-2025,21:15,0,0,0,0,0,0,0,0,0
09-04-2025,21:30,0,0,0,0,0,0,0,0,0
09-04-2025,21:45,0,0,0,0,0,0,0,0,0
09-04-2025,22:00,0,0,0,0,0,0,0,0,0
09-04-2025,22:15,0,0,0,0,0,0,0,0,0
09-04-2025,22:30,0,0,0,0,0,0,0,0,0
09-04-2025,22:45,0,0,0,0,0,0,0,0,0
09-04-2025,23:00,0,0,0,0,0,0,0,0,0
09-04-2025,23:15,0,0,0,0,0,0,0,0,0
09-04-2025,23:30,0,0,0,0,0,0,0,0,0
09-04-2025,23:45,0,0,0,0,0,0,0,0,0
10-04-2025,0:00,0,0,0,0,0,0,0,0,0
10-04-2025,0:15,0,0,0,0,0,0,0,0,0
10-04-2025,0:30,0,0,0,0,0,0,0,0,0
10-04-2025,0:45,0,0,0,0,0,0,0,0,0
10-04-2025,1:00,0,0,0,0,0,0,0,0,0
10-04-2025,1:15,0,0,0,0,0,0,0,0,0
10-04-2025,1:30,0,0,0,0,0,0,0,0,0
10-04-2025,1:45,0,0,0,0,0,0,0,0,0
10-04-2025,2:00,0,0,0,0,0,0,0,0,0
10-04-2025,2:15,0,0,0,0,0,0,0,0,0
10-04-2025,2:30,0,0,0,0,0,0,0,0,0
10-04-2025,2:45,0,0,0,0,0,0,0,0,0
10-04-2025,3:00,0,0,0,0,0,0,0,0,0
10-04-2025,3:15,0,0,0,0,0,0,0,0,0
10-04-2025,3:30,0,0,0,0,0,0,0,0,0
10-04-2025,3:45,0,0,0,0,0,0,0,0,0
10-04-2025,4:00,0,0,0,0,0,0,0,0,0
10-04-2025,4:15,0,0,0,0,0,0,0,0,0
10-04-2025,4:30,0,0,0,0,0,0,0,0,0
10-04-2025,4:45,0,0,0,0,0,0,0,0,0
10-04-2025,5:00,0,0,0,0,0,0,0,0,0
10-04-2025,5:15,0,0,0,0,0,0,0,0,0
10-04-2025,5:30,0,0,0,0,0,0,0,0,0
10-04-2025,5:45,0,0,0,0,0,0,0,0,0
10-04-2025,6:00,0,0,0,0,0,0,0,0,0
10-04-2025,6:15,0,0,0,0,0,0,0,0,0
10-04-2025,6:30,0,0,0,0,0,0,0,0,0
10-04-2025,6:45,3,0,0,1,2,3,3,3,3
10-04-2025,7:00,51,25,32,38,45,53,56,58,60
10-04-2025,7:15,124,81,92,103,114,132,140,148,155
10-04-2025,7:30,230,162,179,196,213,245,261,276,291
10-04-2025,7:45,388,280,307,334,361,415,442,468,495
10-04-2025,8:00,624,452,495,538,581,668,711,755,798
10-04-2025,8:15,953,691,757,822,887,1019,1084,1150,1215
10-04-2025,8:30,1328,962,1054,1145,1236,1420,1511,1602,1694
10-04-2025,8:45,1693,1217,1336,1455,1574,1812,1932,2050,2169
10-04-2025,9:00,2007,1420,1567,1714,1860,2154,2301,2447,2595
10-04-2025,9:15,2295,1588,1765,1942,2118,2471,2648,2824,3001
10-04-2025,9:30,2562,1733,1940,2148,2355,2769,2976,3183,3390
10-04-2025,9:45,2805,1861,2097,2334,2570,3041,3277,3513,3749
10-04-2025,10:00,3022,1977,2238,2500,2761,3283,3544,3805,4066
10-04-2025,10:15,3213,2080,2363,2647,2930,3497,3780,4063,4346
10-04-2025,10:30,3380,2167,2470,2774,3077,3684,3987,4290,4593
10-04-2025,10:45,3521,2233,2555,2877,3199,3843,4165,4486,4808
10-04-2025,11:00,3633,2273,2613,2954,3293,3974,4314,4653,4994
10-04-2025,11:15,3716,2277,2637,2997,3356,4076,4436,4795,5155
10-04-2025,11:30,3773,2265,2642,3020,3396,4151,4528,4905,5282
10-04-2025,11:45,3812,2262,2650,3038,3424,4199,4587,4973,5361
10-04-2025,12:00,3826,2294,2680,3065,3450,4215,4604,4991,5376
10-04-2025,12:15,3826,2363,2732,3102,3462,4211,4581,4950,5320
10-04-2025,12:30,3826,2440,2787,3135,3462,4176,4524,4871,5219
10-04-2025,12:45,3800,2495,2821,3144,3462,4126,4453,4779,5105
10-04-2025,13:00,3753,2507,2819,3131,3442,4064,4376,4687,4998
10-04-2025,13:15,3683,2498,2794,3091,3387,3979,4276,4572,4868
10-04-2025,13:30,3598,2458,2743,3028,3313,3883,4168,4453,4738
10-04-2025,13:45,3508,2371,2655,2939,3223,3792,4076,4360,4645
10-04-2025,14:00,3419,2210,2513,2815,3117,3721,4023,4326,4628
10-04-2025,14:15,3330,1956,2300,2643,2986,3673,4016,4360,4703
10-04-2025,14:30,3236,1663,2057,2450,2843,3629,4022,4415,4808
10-04-2025,14:45,3136,1404,1837,2271,2703,3569,4002,4435,4868
10-04-2025,15:00,3026,1239,1686,2133,2579,3473,3921,4368,4815
10-04-2025,15:15,2905,1157,1594,2032,2468,3344,3782,4221,4659
10-04-2025,15:30,2779,1113,1529,1946,2362,3197,3617,4035,4454
10-04-2025,15:45,2653,1065,1463,1860,2256,3053,3454,3854,4254
10-04-2025,16:00,2536,979,1368,1758,2147,2929,3323,3716,4109
10-04-2025,16:15,2427,858,1251,1643,2035,2824,3222,3619,4016
10-04-2025,16:30,2319,732,1129,1526,1923,2722,3125,3527,3929
10-04-2025,16:45,2204,630,1023,1417,1811,2604,3005,3404,3804
10-04-2025,17:00,2079,578,953,1329,1704,2460,2842,3223,3605
10-04-2025,17:15,1953,582,925,1268,1611,2302,2651,2999,3348
10-04-2025,17:30,1815,607,909,1211,1514,2123,2430,2737,3044
10-04-2025,17:45,1649,614,873,1131,1390,1911,2175,2438,2700
10-04-2025,18:00,1429,568,784,999,1214,1648,1867,2086,2304
10-04-2025,18:15,1143,474,642,809,976,1312,1482,1652,1821
10-04-2025,18:30,833,360,479,597,715,953,1073,1192,1312
10-04-2025,18:45,556,253,329,405,481,633,709,785,862
10-04-2025,19:00,354,173,218,264,309,400,445,490,536
10-04-2025,19:15,210,109,134,159,185,235,261,286,311
10-04-2025,19:30,105,56,68,81,93,118,130,143,155
10-04-2025,19:45,30,15,19,23,27,34,38,41,45
10-04-2025,20:00,0,0,0,0,0,0,0,0,0
10-04-2025,20:15,0,0,0,0,0,0,0,0,0
10-04-2025,20:30,0,0,0,0,0,0,0,0,0
10-04-2025,20:45,0,0,0,0,0,0,0,0,0
10-04-2025,21:00,0,0,0,0,0,0,0,0,0
10-04-2025,21:15,0,0,0,0,0,0,0,0,0
10-04-2025,21:30,0,0,0,0,0,0,0,0,0
10-04-2025,21:45,0,0,0,0,0,0,0,0,0
10-04-2025,22:00,0,0,0,0,0,0,0,0,0
10-04-2025,22:15,0,0,0,0,0,0,0,0,0
10-04-2025,22:30,0,0,0,0,0,0,0,0,0
10-04-2025,22:45,0,0,0,0,0,0,0,0,0
10-04-2025,23:00,0,0,0,0,0,0,0,0,0
10-04-2025,23:15,0,0,0,0,0,0,0,0,0
10-04-2025,23:30,0,0,0,0,0,0,0,0,0
10-04-2025,23:45,0,0,0,0,0,0,0,0,0
11-04-2025,0:00,0,0,0,0,0,0,0,0,0
11-04-2025,0:15,0,0,0,0,0,0,0,0,0
11-04-2025,0:30,0,0,0,0,0,0,0,0,0
11-04-2025,0:45,0,0,0,0,0,0,0,0,0
11-04-2025,1:00,0,0,0,0,0,0,0,0,0
11-04-2025,1:15,0,0,0,0,0,0,0,0,0
11-04-2025,1:30,0,0,0,0,0,0,0,0,0
11-04-2025,1:45,0,0,0,0,0,0,0,0,0
11-04-2025,2:00,0,0,0,0,0,0,0,0,0
11-04-2025,2:15,0,0,0,0,0,0,0,0,0
11-04-2025,2:30,0,0,0,0,0,0,0,0,0
11-04-2025,2:45,0,0,0,0,0,0,0,0,0
11-04-2025,3:00,0,0,0,0,0,0,0,0,0
11-04-2025,3:15,0,0,0,0,0,0,0,0,0
11-04-2025,3:30,0,0,0,0,0,0,0,0,0
11-04-2025,3:45,0,0,0,0,0,0,0,0,0
11-04-2025,4:00,0,0,0,0,0,0,0,0,0
11-04-2025,4:15,0,0,0,0,0,0,0,0,0
11-04-2025,4:30,0,0,0,0,0,0,0,0,0
11-04-2025,4:45,0,0,0,0,0,0,0,0,0
11-04-2025,5:00,0,0,0,0,0,0,0,0,0
11-04-2025,5:15,0,0,0,0,0,0,0,0,0
11-04-2025,5:30,0,0,0,0,0,0,0,0,0
11-04-2025,5:45,0,0,0,0,0,0,0,0,0
11-04-2025,6:00,0,0,0,0,0,0,0,0,0
11-04-2025,6:15,0,0,0,0,0,0,0,0,0
11-04-2025,6:30,0,0,0,0,0,0,0,0,0
11-04-2025,6:45,12,6,8,9,11,14,16,17,19
11-04-2025,7:00,102,39,55,70,87,119,135,152,169
11-04-2025,7:15,244,87,126,166,205,286,328,370,412
11-04-2025,7:30,431,152,222,292,361,505,579,653,727
11-04-2025,7:45,662,244,348,453,558,774,884,996,1106
11-04-2025,8:00,946,373,516,660,803,1098,1249,1400,1551
11-04-2025,8:15,1296,549,736,923,1110,1493,1690,1886,2082
11-04-2025,8:30,1685,747,982,1216,1451,1932,2177,2423,2669
11-04-2025,8:45,2075,936,1221,1506,1790,2373,2671,2969,3267
11-04-2025,9:00,2440,1097,1433,1769,2105,2792,3145,3496,3848
11-04-2025,9:15,2805,1251,1639,2028,2417,3214,3622,4030,4438
11-04-2025,9:30,3161,1386,1830,2274,2717,3628,4095,4562,5028
11-04-2025,9:45,3485,1481,1982,2484,2984,4013,4542,5070,5599
11-04-2025,10:00,3763,1510,2077,2640,3201,4357,4952,5546,6140
11-04-2025,10:15,4006,1488,2085,2748,3377,4673,5340,6007,6673
11-04-2025,10:30,4214,1421,2085,2818,3516,4954,5695,6436,7177
11-04-2025,10:45,4377,1339,2085,2858,3618,5187,5997,6807,7617
11-04-2025,11:00,4490,1256,2064,2871,3657,5360,6230,7100,7970
11-04-2025,11:15,4541,1154,2003,2852,3657,5476,6402,7328,8254
11-04-2025,11:30,4541,1045,1925,2806,3657,5542,6517,7492,8466
11-04-2025,11:45,4541,948,1850,2752,3653,5563,6575,7585,8595
11-04-2025,12:00,4516,883,1791,2700,3607,5541,6567,7593,8619
11-04-2025,12:15,4435,843,1741,2640,3537,5455,6474,7493,8512
11-04-2025,12:30,4332,818,1697,2575,3454,5332,6332,7333,8333
11-04-2025,12:45,4232,799,1658,2516,3375,5213,6193,7173,8154
11-04-2025,13:00,4162,773,1621,2468,3315,5133,6104,7075,8046
11-04-2025,13:15,4120,734,1581,2427,3274,5093,6067,7041,8014
11-04-2025,13:30,4082,703,1548,2392,3237,5056,6032,7006,7981
11-04-2025,13:45,4024,708,1537,2366,3195,4982,5941,6899,7857
11-04-2025,14:00,3926,783,1569,2355,3140,4834,5744,6652,7560
11-04-2025,14:15,3796,942,1656,2369,3082,4618,5441,6264,7086
11-04-2025,14:30,3642,1132,1760,2387,3015,4362,5083,5803,6523
11-04-2025,14:45,3472,1283,1831,2377,2925,4096,4721,5345,5969
11-04-2025,15:00,3288,1340,1827,2314,2801,3840,4393,4945,5497
11-04-2025,15:15,3080,1316,1757,2198,2640,3577,4075,4572,5069
11-04-2025,15:30,2861,1248,1651,2055,2458,3312,3764,4214,4666
11-04-2025,15:45,2645,1171,1539,1908,2276,3055,3465,3875,4285
11-04-2025,16:00,2448,1112,1445,1780,2114,2818,3188,3558,3928
11-04-2025,16:15,2272,1065,1367,1669,1970,2605,2938,3271,3604
11-04-2025,16:30,2098,1012,1283,1555,1827,2399,2699,2999,3299
11-04-2025,16:45,1908,932,1176,1420,1664,2179,2449,2720,2990
11-04-2025,17:00,1681,804,1023,1242,1462,1926,2170,2415,2659
11-04-2025,17:15,1409,614,813,1012,1211,1635,1860,2085,2310
11-04-2025,17:30,1124,404,584,764,944,1332,1540,1748,1956
11-04-2025,17:45,860,223,383,542,701,1048,1236,1424,1612
11-04-2025,18:00,646,113,247,380,513,804,963,1122,1280
11-04-2025,18:15,466,65,165,266,366,585,705,824,943
11-04-2025,18:30,314,51,116,183,249,392,469,546,623
11-04-2025,18:45,192,45,81,119,155,233,274,316,357
11-04-2025,19:00,101,30,48,66,84,120,138,157,175
11-04-2025,19:15,48,17,25,33,41,56,63,71,78
11-04-2025,19:30,22,8,12,16,19,26,28,32,35
11-04-2025,19:45,7,3,4,5,6,9,10,11,12
11-04-2025,20:00,0,0,0,0,0,0,0,0,0
11-04-2025,20:15,0,0,0,0,0,0,0,0,0
11-04-2025,20:30,0,0,0,0,0,0,0,0,0
11-04-2025,20:45,0,0,0,0,0,0,0,0,0
11-04-2025,21:00,0,0,0,0,0,0,0,0,0
11-04-2025,21:15,0,0,0,0,0,0,0,0,0
11-04-2025,21:30,0,0,0,0,0,0,0,0,0
11-04-2025,21:45,0,0,0,0,0,0,0,0,0
11-04-2025,22:00,0,0,0,0,0,0,0,0,0
11-04-2025,22:15,0,0,0,0,0,0,0,0,0
11-04-2025,22:30,0,0,0,0,0,0,0,0,0
11-04-2025,22:45,0,0,0,0,0,0,0,0,0
11-04-2025,23:00,0,0,0,0,0,0,0,0,0
11-04-2025,23:15,0,0,0,0,0,0,0,0,0
11-04-2025,23:30,0,0,0,0,0,0,0,0,0
11-04-2025,23:45,0,0,0,0,0,0,0,0,0
12-04-2025,0:00,0,0,0,0,0,0,0,0,0
12-04-2025,0:15,0,0,0,0,0,0,0,0,0
12-04-2025,0:30,0,0,0,0,0,0,0,0,0
12-04-2025,0:45,0,0,0,0,0,0,0,0,0
12-04-2025,1:00,0,0,0,0,0,0,0,0,0
12-04-2025,1:15,0,0,0,0,0,0,0,0,0
12-04-2025,1:30,0,0,0,0,0,0,0,0,0
12-04-2025,1:45,0,0,0,0,0,0,0,0,0
12-04-2025,2:00,0,0,0,0,0,0,0,0,0
12-04-2025,2:15,0,0,0,0,0,0,0,0,0
12-04-2025,2:30,0,0,0,0,0,0,0,0,0
12-04-2025,2:45,0,0,0,0,0,0,0,0,0
12-04-2025,3:00,0,0,0,0,0,0,0,0,0
12-04-2025,3:15,0,0,0,0,0,0,0,0,0
12-04-2025,3:30,0,0,0,0,0,0,0,0,0
12-04-2025,3:45,0,0,0,0,0,0,0,0,0
12-04-2025,4:00,0,0,0,0,0,0,0,0,0
12-04-2025,4:15,0,0,0,0,0,0,0,0,0
12-04-2025,4:30,0,0,0,0,0,0,0,0,0
12-04-2025,4:45,0,0,0,0,0,0,0,0,0
12-04-2025,5:00,0,0,0,0,0,0,0,0,0
12-04-2025,5:15,0,0,0,0,0,0,0,0,0
12-04-2025,5:30,0,0,0,0,0,0,0,0,0
12-04-2025,5:45,0,0,0,0,0,0,0,0,0
12-04-2025,6:00,0,0,0,0,0,0,0,0,0
12-04-2025,6:15,0,0,0,0,0,0,0,0,0
12-04-2025,6:30,0,0,0,0,0,0,0,0,0
12-04-2025,6:45,10,0,2,4,8,12,14,16,18
12-04-2025,7:00,45,10,19,27,36,54,63,71,81
12-04-2025,7:15,89,24,41,56,73,109,128,147,166
12-04-2025,7:30,152,46,73,99,126,185,218,251,284
12-04-2025,7:45,248,86,127,167,207,300,351,403,454
12-04-2025,8:00,390,152,211,271,330,466,541,617,692
12-04-2025,8:15,579,243,327,411,495,685,790,897,1002
12-04-2025,8:30,801,352,464,576,688,942,1081,1222,1362
12-04-2025,8:45,1037,467,609,752,895,1216,1393,1572,1749
12-04-2025,9:00,1280,583,757,931,1106,1500,1718,1937,2156
12-04-2025,9:15,1547,707,917,1127,1337,1813,2078,2345,2610
12-04-2025,9:30,1821,835,1082,1328,1575,2136,2450,2765,3079
12-04-2025,9:45,2077,955,1236,1516,1797,2437,2795,3155,3513
12-04-2025,10:00,2289,1056,1365,1672,1981,2684,3078,3473,3868
12-04-2025,10:15,2455,1134,1464,1794,2125,2878,3300,3724,4146
12-04-2025,10:30,2603,1206,1556,1904,2254,3050,3495,3942,4388
12-04-2025,10:45,2766,1295,1663,2031,2399,3233,3700,4167,4633
12-04-2025,11:00,2974,1422,1811,2198,2586,3460,3945,4431,4916
12-04-2025,11:15,3225,1588,1998,2407,2816,3727,4227,4728,5229
12-04-2025,11:30,3492,1770,2201,2632,3062,4007,4521,5035,5549
12-04-2025,11:45,3744,1945,2395,2845,3294,4272,4800,5327,5854
12-04-2025,12:00,3963,2094,2561,3029,3495,4506,5050,5593,6137
12-04-2025,12:15,4166,2230,2714,3198,3681,4729,5294,5857,6421
12-04-2025,12:30,4346,2353,2851,3349,3847,4929,5513,6096,6680
12-04-2025,12:45,4487,2457,2964,3472,3980,5084,5681,6277,6873
12-04-2025,13:00,4557,2535,3044,3554,4063,5140,5740,6339,6938
12-04-2025,13:15,4557,2582,3086,3591,4084,5140,5740,6339,6938
12-04-2025,13:30,4557,2613,3106,3600,4084,5140,5731,6303,6874
12-04-2025,13:45,4557,2644,3124,3605,4084,5117,5669,6221,6772
12-04-2025,14:00,4554,2695,3160,3625,4084,5084,5613,6143,6672
12-04-2025,14:15,4547,2775,3218,3662,4084,5048,5548,6048,6548
12-04-2025,14:30,4532,2853,3273,3676,4084,5003,5472,5942,6411
12-04-2025,14:45,4496,2884,3280,3676,4084,4944,5390,5838,6284
12-04-2025,15:00,4430,2851,3245,3640,4035,4871,5312,5753,6193
12-04-2025,15:15,4337,2740,3139,3539,3938,4790,5243,5696,6148
12-04-2025,15:30,4221,2588,2996,3404,3813,4693,5165,5637,6109
12-04-2025,15:45,4082,2425,2839,3254,3668,4569,5057,5544,6030
12-04-2025,16:00,3922,2276,2687,3100,3511,4412,4902,5391,5881
12-04-2025,16:15,3746,2129,2533,2938,3342,4231,4716,5201,5686
12-04-2025,16:30,3546,1978,2369,2762,3154,4019,4493,4967,5440
12-04-2025,16:45,3310,1817,2190,2564,2937,3764,4217,4671,5124
12-04-2025,17:00,3026,1644,1989,2336,2681,3448,3869,4291,4712
12-04-2025,17:15,2687,1457,1765,2073,2379,3062,3437,3813,4188
12-04-2025,17:30,2315,1263,1526,1790,2052,2637,2958,3279,3600
12-04-2025,17:45,1944,1067,1286,1506,1724,2211,2478,2746,3013
12-04-2025,18:00,1586,870,1049,1229,1407,1806,2024,2244,2462
12-04-2025,18:15,1216,660,799,938,1077,1388,1560,1732,1903
12-04-2025,18:30,857,454,555,656,756,984,1111,1237,1363
12-04-2025,18:45,549,278,346,414,481,636,724,811,898
12-04-2025,19:00,326,155,198,241,283,382,439,495,551
12-04-2025,19:15,180,81,106,131,155,213,248,281,314
12-04-2025,19:30,88,39,51,64,76,105,122,139,156
12-04-2025,19:45,27,12,16,19,23,31,36,41,46
12-04-2025,20:00,0,0,0,0,0,0,0,0,0
12-04-2025,20:15,0,0,0,0,0,0,0,0,0
12-04-2025,20:30,0,0,0,0,0,0,0,0,0
12-04-2025,20:45,0,0,0,0,0,0,0,0,0
12-04-2025,21:00,0,0,0,0,0,0,0,0,0
12-04-2025,21:15,0,0,0,0,0,0,0,0,0
12-04-2025,21:30,0,0,0,0,0,0,0,0,0
12-04-2025,21:45,0,0,0,0,0,0,0,0,0
12-04-2025,22:00,0,0,0,0,0,0,0,0,0
12-04-2025,22:15,0,0,0,0,0,0,0,0,0
12-04-2025,22:30,0,0,0,0,0,0,0,0,0
12-04-2025,22:45,0,0,0,0,0,0,0,0,0
12-04-2025,23:00,0,0,0,0,0,0,0,0,0
12-04-2025,23:15,0,0,0,0,0,0,0,0,0
12-04-2025,23:30,0,0,0,0,0,0,0,0,0
12-04-2025,23:45,0,0,0,0,0,0,0,0,0
13-04-2025,0:00,0,0,0,0,0,0,0,0,0
13-04-2025,0:15,0,0,0,0,0,0,0,0,0
13-04-2025,0:30,0,0,0,0,0,0,0,0,0
13-04-2025,0:45,0,0,0,0,0,0,0,0,0
13-04-2025,1:00,0,0,0,0,0,0,0,0,0
13-04-2025,1:15,0,0,0,0,0,0,0,0,0
13-04-2025,1:30,0,0,0,0,0,0,0,0,0
13-04-2025,1:45,0,0,0,0,0,0,0,0,0
13-04-2025,2:00,0,0,0,0,0,0,0,0,0
13-04-2025,2:15,0,0,0,0,0,0,0,0,0
13-04-2025,2:30,0,0,0,0,0,0,0,0,0
13-04-2025,2:45,0,0,0,0,0,0,0,0,0
13-04-2025,3:00,0,0,0,0,0,0,0,0,0
13-04-2025,3:15,0,0,0,0,0,0,0,0,0
13-04-2025,3:30,0,0,0,0,0,0,0,0,0
13-04-2025,3:45,0,0,0,0,0,0,0,0,0
13-04-2025,4:00,0,0,0,0,0,0,0,0,0
13-04-2025,4:15,0,0,0,0,0,0,0,0,0
13-04-2025,4:30,0,0,0,0,0,0,0,0,0
13-04-2025,4:45,0,0,0,0,0,0,0,0,0
13-04-2025,5:00,0,0,0,0,0,0,0,0,0
13-04-2025,5:15,0,0,0,0,0,0,0,0,0
13-04-2025,5:30,0,0,0,0,0,0,0,0,0
13-04-2025,5:45,0,0,0,0,0,0,0,0,0
13-04-2025,6:00,0,0,0,0,0,0,0,0,0
13-04-2025,6:15,0,0,0,0,0,0,0,0,0
13-04-2025,6:30,0,0,0,0,0,0,0,0,0
13-04-2025,6:45,0,0,0,0,0,0,0,0,0
13-04-2025,7:00,201,163,172,182,191,213,225,236,248
13-04-2025,7:15,522,392,425,457,490,558,595,630,666
13-04-2025,7:30,951,701,764,826,889,1018,1086,1152,1219
13-04-2025,7:45,1504,1114,1212,1309,1407,1606,1708,1809,1911
13-04-2025,8:00,2212,1656,1796,1934,2074,2352,2493,2632,2773
13-04-2025,8:15,3109,2343,2535,2726,2918,3296,3484,3670,3858
13-04-2025,8:30,4115,3127,3374,3621,3868,4351,4587,4823,5060
13-04-2025,8:45,5124,3951,4245,4538,4831,5402,5680,5958,6235
13-04-2025,9:00,6064,4784,5104,5424,5744,6369,6674,6978,7283
13-04-2025,9:15,6990,5666,5997,6328,6659,7308,7627,7945,8264
13-04-2025,9:30,7895,6570,6902,7233,7564,8219,8544,8868,9192
13-04-2025,9:45,8746,7448,7772,8097,8421,9073,9400,9726,10053
13-04-2025,10:00,9520,8274,8585,8897,9208,9848,10175,10502,10830
13-04-2025,10:15,10233,9096,9380,9665,9949,10556,10879,11201,11524
13-04-2025,10:30,10885,9870,10124,10378,10632,11202,11518,11834,12150
13-04-2025,10:45,11466,10526,10761,10996,11231,11781,12096,12411,12725
13-04-2025,11:00,11967,11006,11246,11487,11727,12291,12615,12939,13262
13-04-2025,11:15,12391,11325,11591,11858,12125,12732,13073,13414,13755
13-04-2025,11:30,12743,11519,11824,12131,12437,13107,13470,13835,14198
13-04-2025,11:45,13027,11620,11972,12324,12676,13418,13809,14200,14591
13-04-2025,12:00,13248,11639,12023,12399,12846,13670,14092,14514,14936
13-04-2025,12:15,13398,11533,11999,12399,12911,13860,14322,14785,15247
13-04-2025,12:30,13483,11352,11885,12399,12911,13988,14492,14996,15500
13-04-2025,12:45,13514,11173,11758,12344,12911,14052,14589,15127,15664
13-04-2025,13:00,13495,11059,11668,12277,12886,14048,14599,15152,15704
13-04-2025,13:15,13414,10997,11602,12206,12810,13964,14512,15061,15610
13-04-2025,13:30,13284,10943,11528,12114,12698,13821,14357,14893,15430
13-04-2025,13:45,13121,10855,11422,11989,12554,13646,14171,14695,15220
13-04-2025,14:00,12943,10704,11264,11824,12383,13466,13989,14511,15033
13-04-2025,14:15,12755,10505,11067,11630,12192,13283,13812,14340,14868
13-04-2025,14:30,12532,10265,10832,11399,11965,13068,13603,14138,14674
13-04-2025,14:45,12247,9988,10552,11118,11682,12784,13320,13857,14394
13-04-2025,15:00,11876,9675,10225,10776,11326,12402,12926,13452,13977
13-04-2025,15:15,11423,9334,9856,10379,10901,11923,12423,12923,13423
13-04-2025,15:30,10905,8952,9441,9929,10417,11375,11845,12314,12784
13-04-2025,15:45,10344,8511,8969,9428,9885,10787,11230,11672,12115
13-04-2025,16:00,9752,7990,8431,8872,9311,10181,10609,11037,11465
13-04-2025,16:15,9124,7380,7816,8253,8688,9551,9978,10404,10831
13-04-2025,16:30,8454,6715,7150,7585,8020,8883,9312,9741,10169
13-04-2025,16:45,7741,6035,6461,6888,7315,8164,8587,9010,9433
13-04-2025,17:00,6972,5365,5766,6169,6570,7372,7773,8174,8574
13-04-2025,17:15,6126,4677,5039,5402,5764,6489,6852,7215,7578
13-04-2025,17:30,5245,3987,4301,4616,4931,5563,5879,6197,6513
13-04-2025,17:45,4386,3323,3589,3855,4120,4656,4925,5195,5463
13-04-2025,18:00,3579,2700,2920,3140,3359,3803,4027,4251,4474
13-04-2025,18:15,2777,2091,2263,2435,2606,2954,3129,3305,3480
13-04-2025,18:30,2017,1521,1645,1770,1893,2145,2273,2401,2529
13-04-2025,18:45,1360,1029,1112,1195,1277,1446,1533,1618,1705
13-04-2025,19:00,858,651,702,755,806,913,968,1022,1077
13-04-2025,19:15,500,380,409,440,470,532,564,596,629
13-04-2025,19:30,249,190,205,220,235,266,282,298,314
13-04-2025,19:45,73,55,59,64,68,77,82,87,91
13-04-2025,20:00,0,0,0,0,0,0,0,0,0
13-04-2025,20:15,0,0,0,0,0,0,0,0,0
13-04-2025,20:30,0,0,0,0,0,0,0,0,0
13-04-2025,20:45,0,0,0,0,0,0,0,0,0
13-04-2025,21:00,0,0,0,0,0,0,0,0,0
13-04-2025,21:15,0,0,0,0,0,0,0,0,0
13-04-2025,21:30,0,0,0,0,0,0,0,0,0
13-04-2025,21:45,0,0,0,0,0,0,0,0,0
13-04-2025,22:00,0,0,0,0,0,0,0,0,0
13-04-2025,22:15,0,0,0,0,0,0,0,0,0
13-04-2025,22:30,0,0,0,0,0,0,0,0,0
13-04-2025,22:45,0,0,0,0,0,0,0,0,0
13-04-2025,23:00,0,0,0,0,0,0,0,0,0
